{
  "summary": {
    "config_name": "exp_test_set",
    "n_chunks": 779,
    "build_time_sec": 26.26,
    "eval_time_sec": 24.03,
    "overall": {
      "n_in_scope": 20,
      "doc_recall_at_1": 0.45,
      "doc_recall_at_3": 0.7,
      "doc_recall_at_5": 0.8,
      "chunk_recall_at_3": 0.35,
      "chunk_recall_at_5": 0.45,
      "mrr": 0.5866666666666667
    },
    "by_category": {
      "cost": {
        "n_in_scope": 13,
        "doc_recall_at_1": 0.15384615384615385,
        "doc_recall_at_3": 0.5384615384615384,
        "doc_recall_at_5": 0.6923076923076923,
        "chunk_recall_at_3": 0.3076923076923077,
        "chunk_recall_at_5": 0.38461538461538464,
        "mrr": 0.3641025641025641
      },
      "exams": {
        "n_in_scope": 7,
        "doc_recall_at_1": 1.0,
        "doc_recall_at_3": 1.0,
        "doc_recall_at_5": 1.0,
        "chunk_recall_at_3": 0.42857142857142855,
        "chunk_recall_at_5": 0.5714285714285714,
        "mrr": 1.0
      }
    },
    "by_formulation_type": {
      "formal": {
        "n_in_scope": 9,
        "doc_recall_at_1": 0.5555555555555556,
        "doc_recall_at_3": 0.6666666666666666,
        "doc_recall_at_5": 0.8888888888888888,
        "chunk_recall_at_3": 0.4444444444444444,
        "chunk_recall_at_5": 0.6666666666666666,
        "mrr": 0.6370370370370371
      },
      "casual": {
        "n_in_scope": 8,
        "doc_recall_at_1": 0.5,
        "doc_recall_at_3": 1.0,
        "doc_recall_at_5": 1.0,
        "chunk_recall_at_3": 0.25,
        "chunk_recall_at_5": 0.25,
        "mrr": 0.75
      },
      "abbreviated": {
        "n_in_scope": 3,
        "doc_recall_at_1": 0.0,
        "doc_recall_at_3": 0.0,
        "doc_recall_at_5": 0.0,
        "chunk_recall_at_3": 0.3333333333333333,
        "chunk_recall_at_5": 0.3333333333333333,
        "mrr": 0.0
      }
    },
    "by_difficulty": {
      "easy": {
        "n_in_scope": 10,
        "doc_recall_at_1": 0.3,
        "doc_recall_at_3": 0.5,
        "doc_recall_at_5": 0.7,
        "chunk_recall_at_3": 0.2,
        "chunk_recall_at_5": 0.3,
        "mrr": 0.44000000000000006
      },
      "medium": {
        "n_in_scope": 7,
        "doc_recall_at_1": 0.5714285714285714,
        "doc_recall_at_3": 0.8571428571428571,
        "doc_recall_at_5": 0.8571428571428571,
        "chunk_recall_at_3": 0.5714285714285714,
        "chunk_recall_at_5": 0.5714285714285714,
        "mrr": 0.6904761904761905
      },
      "hard": {
        "n_in_scope": 3,
        "doc_recall_at_1": 0.6666666666666666,
        "doc_recall_at_3": 1.0,
        "doc_recall_at_5": 1.0,
        "chunk_recall_at_3": 0.3333333333333333,
        "chunk_recall_at_5": 0.6666666666666666,
        "mrr": 0.8333333333333334
      }
    }
  },
  "per_question": [
    {
      "q_id": "T001",
      "question": "Сколько стоит обучение на Прикладной математике и информатике в 2026 году?",
      "category": "cost",
      "formulation_type": "formal",
      "difficulty": "easy",
      "expected_doc_id": "D9",
      "retrieved_doc_ids": [
        "D2",
        "D2",
        "D2",
        "D2",
        "D9"
      ],
      "doc_recall_at_1": 0,
      "doc_recall_at_3": 0,
      "doc_recall_at_5": 1,
      "chunk_recall_at_3": 1,
      "chunk_recall_at_5": 1,
      "mrr": 0.2
    },
    {
      "q_id": "T002",
      "question": "скока стоит пми в вышке",
      "category": "cost",
      "formulation_type": "casual",
      "difficulty": "easy",
      "expected_doc_id": "D9",
      "retrieved_doc_ids": [
        "D8",
        "D9",
        "D5",
        "D5",
        "D5"
      ],
      "doc_recall_at_1": 0,
      "doc_recall_at_3": 1,
      "doc_recall_at_5": 1,
      "chunk_recall_at_3": 1,
      "chunk_recall_at_5": 1,
      "mrr": 0.5
    },
    {
      "q_id": "T003",
      "question": "Какая стоимость программной инженерии?",
      "category": "cost",
      "formulation_type": "formal",
      "difficulty": "easy",
      "expected_doc_id": "D9",
      "retrieved_doc_ids": [
        "D6",
        "D6",
        "D2",
        "D5",
        "D9"
      ],
      "doc_recall_at_1": 0,
      "doc_recall_at_3": 0,
      "doc_recall_at_5": 1,
      "chunk_recall_at_3": 0,
      "chunk_recall_at_5": 1,
      "mrr": 0.2
    },
    {
      "q_id": "T004",
      "question": "стоимость ПИ",
      "category": "cost",
      "formulation_type": "abbreviated",
      "difficulty": "easy",
      "expected_doc_id": "D9",
      "retrieved_doc_ids": [
        "D6",
        "D6",
        "D2",
        "D8",
        "D5"
      ],
      "doc_recall_at_1": 0,
      "doc_recall_at_3": 0,
      "doc_recall_at_5": 0,
      "chunk_recall_at_3": 0,
      "chunk_recall_at_5": 0,
      "mrr": 0.0
    },
    {
      "q_id": "T005",
      "question": "Сколько стоит учиться на экономике?",
      "category": "cost",
      "formulation_type": "casual",
      "difficulty": "medium",
      "expected_doc_id": "D9",
      "retrieved_doc_ids": [
        "D8",
        "D9",
        "D8",
        "D9",
        "D9"
      ],
      "doc_recall_at_1": 0,
      "doc_recall_at_3": 1,
      "doc_recall_at_5": 1,
      "chunk_recall_at_3": 0,
      "chunk_recall_at_5": 0,
      "mrr": 0.5
    },
    {
      "q_id": "T006",
      "question": "Какая самая дорогая программа в ВШЭ Москва?",
      "category": "cost",
      "formulation_type": "casual",
      "difficulty": "hard",
      "expected_doc_id": "D9",
      "retrieved_doc_ids": [
        "D8",
        "D9",
        "D7",
        "D2",
        "D8"
      ],
      "doc_recall_at_1": 0,
      "doc_recall_at_3": 1,
      "doc_recall_at_5": 1,
      "chunk_recall_at_3": 0,
      "chunk_recall_at_5": 0,
      "mrr": 0.5
    },
    {
      "q_id": "T007",
      "question": "Сколько стоит юриспруденция очно-заочно?",
      "category": "cost",
      "formulation_type": "formal",
      "difficulty": "medium",
      "expected_doc_id": "D9",
      "retrieved_doc_ids": [
        "D2",
        "D8",
        "D9",
        "D5",
        "D2"
      ],
      "doc_recall_at_1": 0,
      "doc_recall_at_3": 1,
      "doc_recall_at_5": 1,
      "chunk_recall_at_3": 1,
      "chunk_recall_at_5": 1,
      "mrr": 0.3333333333333333
    },
    {
      "q_id": "T008",
      "question": "цена на дизайн в вшэ",
      "category": "cost",
      "formulation_type": "casual",
      "difficulty": "easy",
      "expected_doc_id": "D9",
      "retrieved_doc_ids": [
        "D8",
        "D9",
        "D7",
        "D7",
        "D7"
      ],
      "doc_recall_at_1": 0,
      "doc_recall_at_3": 1,
      "doc_recall_at_5": 1,
      "chunk_recall_at_3": 0,
      "chunk_recall_at_5": 0,
      "mrr": 0.5
    },
    {
      "q_id": "T009",
      "question": "Сколько стоит компьютерная безопасность?",
      "category": "cost",
      "formulation_type": "formal",
      "difficulty": "easy",
      "expected_doc_id": "D9",
      "retrieved_doc_ids": [
        "D6",
        "D6",
        "D6",
        "D2",
        "D8"
      ],
      "doc_recall_at_1": 0,
      "doc_recall_at_3": 0,
      "doc_recall_at_5": 0,
      "chunk_recall_at_3": 0,
      "chunk_recall_at_5": 0,
      "mrr": 0.0
    },
    {
      "q_id": "T010",
      "question": "стоимость бизнес информатики",
      "category": "cost",
      "formulation_type": "abbreviated",
      "difficulty": "easy",
      "expected_doc_id": "D9",
      "retrieved_doc_ids": [
        "D5",
        "D5",
        "D2",
        "D5",
        "D6"
      ],
      "doc_recall_at_1": 0,
      "doc_recall_at_3": 0,
      "doc_recall_at_5": 0,
      "chunk_recall_at_3": 0,
      "chunk_recall_at_5": 0,
      "mrr": 0.0
    },
    {
      "q_id": "T011",
      "question": "Когда можно подать апелляцию на результат вступительного испытания?",
      "category": "exams",
      "formulation_type": "formal",
      "difficulty": "medium",
      "expected_doc_id": "D10",
      "retrieved_doc_ids": [
        "D10",
        "D10",
        "D10",
        "D10",
        "D1"
      ],
      "doc_recall_at_1": 1,